Course Name,Course ID,URL Before Change,Verified New URL,Verified Start Date,Verified Due Date,Errors
BIO 264 S17 Evaluation Online Reference,236104,http://abish.byui.edu/berg/evaluation/select.cfm,https://web.byui.edu/endofcourseevaluation/,2018-12-08T07:00:00.000Z,2018-12-22T06:59:00.000Z,
BIO 265 S17 Evaluation Online Reference,236105,http://abish.byui.edu/berg/evaluation/select.cfm,https://web.byui.edu/endofcourseevaluation/,2018-12-08T07:00:00.000Z,2018-12-22T06:59:00.000Z,
ACCTG 180 - R--- - Online Reference,18776,http://abish.byui.edu/berg/evaluation/select.cfm,https://web.byui.edu/endofcourseevaluation/,2018-12-08T07:00:00.000Z,2018-12-22T06:59:00.000Z,
ACCTG 201 - R--- - Online Reference,18777,http://abish.byui.edu/berg/evaluation/select.cfm,https://web.byui.edu/endofcourseevaluation/,2018-12-08T07:00:00.000Z,2018-12-22T06:59:00.000Z,
ACCTG 202 - R--- - Online Reference,18783,http://abish.byui.edu/berg/evaluation/select.cfm,https://web.byui.edu/endofcourseevaluation/,2018-12-08T07:00:00.000Z,2018-12-22T06:59:00.000Z,
AGBUS 105 - R--- - Online Reference,16215,http://abish.byui.edu/berg/evaluation/select.cfm,https://web.byui.edu/endofcourseevaluation/,2018-12-08T07:00:00.000Z,2018-12-22T06:59:00.000Z,
AGBUS 138 - R--- - Online Reference,99483,http://abish.byui.edu/berg/evaluation/select.cfm,https://web.byui.edu/endofcourseevaluation/,2018-12-08T07:00:00.000Z,2018-12-22T06:59:00.000Z,
AGBUS 147 - R--- - Online Reference,17575,http://abish.byui.edu/berg/evaluation/select.cfm,https://web.byui.edu/endofcourseevaluation/,2018-12-08T07:00:00.000Z,2018-12-22T06:59:00.000Z,
AGBUS 180A - R--- - Online Reference,106288,http://abish.byui.edu/berg/evaluation/select.cfm,https://web.byui.edu/endofcourseevaluation/,2018-12-08T07:00:00.000Z,2018-12-22T06:59:00.000Z,
ANTH 101 - R--- - Online Reference,50283,http://abish.byui.edu/berg/evaluation/select.cfm,https://web.byui.edu/endofcourseevaluation/,2018-12-08T07:00:00.000Z,2018-12-22T06:59:00.000Z,
ARCH 270 - D--- - Online Development,339494,http://abish.byui.edu/berg/evaluation/select.cfm,https://web.byui.edu/endofcourseevaluation/,2018-12-08T07:00:00.000Z,2018-12-22T06:59:00.000Z,
ART 107 - R--- - Online Reference,16098,http://abish.byui.edu/berg/evaluation/select.cfm,https://web.byui.edu/endofcourseevaluation/,2018-12-08T07:00:00.000Z,2018-12-22T06:59:00.000Z,
ART 110 - R--- - Online Reference,101929,http://abish.byui.edu/berg/evaluation/select.cfm,https://web.byui.edu/endofcourseevaluation/,2018-12-08T07:00:00.000Z,2018-12-22T06:59:00.000Z,
ART 110 - D--- - Online Development,167864,http://abish.byui.edu/berg/evaluation/select.cfm,https://web.byui.edu/endofcourseevaluation/,2018-12-08T07:00:00.000Z,2018-12-22T06:59:00.000Z,
ART 130 - R--- - Online Reference,73749,http://abish.byui.edu/berg/evaluation/select.cfm,https://web.byui.edu/endofcourseevaluation/,2018-12-08T07:00:00.000Z,2018-12-22T06:59:00.000Z,
ART 230 - R--- - Online Reference,17904,http://abish.byui.edu/berg/evaluation/select.cfm,https://web.byui.edu/endofcourseevaluation/,2018-12-08T07:00:00.000Z,2018-12-22T06:59:00.000Z,
ART  235 - R--- - Online Reference,17905,http://abish.byui.edu/berg/evaluation/select.cfm,https://web.byui.edu/endofcourseevaluation/,2018-12-08T07:00:00.000Z,2018-12-22T06:59:00.000Z,
ART 331R - R--- - Online Reference,18232,http://abish.byui.edu/berg/evaluation/select.cfm,https://web.byui.edu/endofcourseevaluation/,2018-12-08T07:00:00.000Z,2018-12-22T06:59:00.000Z,
AUTO 125 - R--- - Online Reference,50284,http://abish.byui.edu/berg/evaluation/select.cfm,https://web.byui.edu/endofcourseevaluation/,2018-12-08T07:00:00.000Z,2018-12-22T06:59:00.000Z,
AUTO 131 - R--- - Online Reference,99408,http://abish.byui.edu/berg/evaluation/select.cfm,https://web.byui.edu/endofcourseevaluation/,2018-12-08T07:00:00.000Z,2018-12-22T06:59:00.000Z,
AUTO 132 - R--- - Online Reference,63710,http://abish.byui.edu/berg/evaluation/select.cfm,https://web.byui.edu/endofcourseevaluation/,2018-12-08T07:00:00.000Z,2018-12-22T06:59:00.000Z,
AUTO 155 - R--- - Online Reference,101643,http://abish.byui.edu/berg/evaluation/select.cfm,https://web.byui.edu/endofcourseevaluation/,2018-12-08T07:00:00.000Z,2018-12-22T06:59:00.000Z,
AUTO 201 - R--- - Online Reference,274892,http://abish.byui.edu/berg/evaluation/select.cfm,https://web.byui.edu/endofcourseevaluation/,2018-12-08T07:00:00.000Z,2018-12-22T06:59:00.000Z,
AUTO 231 - D--- - Online Development,237899,http://abish.byui.edu/berg/evaluation/select.cfm,https://web.byui.edu/endofcourseevaluation/,2018-12-08T07:00:00.000Z,2018-12-22T06:59:00.000Z,
AUTO 232 - D--- - Online Development,264893,http://abish.byui.edu/berg/evaluation/select.cfm,https://web.byui.edu/endofcourseevaluation/,2018-12-08T07:00:00.000Z,2018-12-22T06:59:00.000Z,
B 100 - R--- - Online Reference,16156,http://abish.byui.edu/berg/evaluation/select.cfm,https://web.byui.edu/endofcourseevaluation/,2018-12-08T07:00:00.000Z,2018-12-22T06:59:00.000Z,
B 101 - R--- - Online Reference,16155,http://abish.byui.edu/berg/evaluation/select.cfm,https://web.byui.edu/endofcourseevaluation/,2018-12-08T07:00:00.000Z,2018-12-22T06:59:00.000Z,
B 129 - R--- - Online Reference,16150,http://abish.byui.edu/berg/evaluation/select.cfm,https://web.byui.edu/endofcourseevaluation/,2018-12-08T07:00:00.000Z,2018-12-22T06:59:00.000Z,
B 183 - R--- - Online Reference,16170,http://abish.byui.edu/berg/evaluation/select.cfm,https://web.byui.edu/endofcourseevaluation/,2018-12-08T07:00:00.000Z,2018-12-22T06:59:00.000Z,
B 201 - R--- - Online Reference,16163,http://abish.byui.edu/berg/evaluation/select.cfm,https://web.byui.edu/endofcourseevaluation/,2018-12-08T07:00:00.000Z,2018-12-22T06:59:00.000Z,
B 211 - R--- - Online Reference,16177,http://abish.byui.edu/berg/evaluation/select.cfm,https://web.byui.edu/endofcourseevaluation/,2018-12-08T07:00:00.000Z,2018-12-22T06:59:00.000Z,
B 215 - R--- - Online Reference,31319,http://abish.byui.edu/berg/evaluation/select.cfm,https://web.byui.edu/endofcourseevaluation/,2018-12-08T07:00:00.000Z,2018-12-22T06:59:00.000Z,
B 240 - R--- - Online Reference,16184,http://abish.byui.edu/berg/evaluation/select.cfm,https://web.byui.edu/endofcourseevaluation/,2018-12-08T07:00:00.000Z,2018-12-22T06:59:00.000Z,
B 241 - R--- - Online Reference,101156,http://abish.byui.edu/berg/evaluation/select.cfm,https://web.byui.edu/endofcourseevaluation/,2018-12-08T07:00:00.000Z,2018-12-22T06:59:00.000Z,
B 250 - R--- - Online Reference,16178,http://abish.byui.edu/berg/evaluation/select.cfm,https://web.byui.edu/endofcourseevaluation/,2018-12-08T07:00:00.000Z,2018-12-22T06:59:00.000Z,
B 275 - R--- - Online Reference,21582,http://abish.byui.edu/berg/evaluation/select.cfm,https://web.byui.edu/endofcourseevaluation/,2018-12-08T07:00:00.000Z,2018-12-22T06:59:00.000Z,
B 283 - R--- - Online Reference,16185,http://abish.byui.edu/berg/evaluation/select.cfm,https://web.byui.edu/endofcourseevaluation/,2018-12-08T07:00:00.000Z,2018-12-22T06:59:00.000Z,
B 301 - R--- - Online Reference,16197,http://abish.byui.edu/berg/evaluation/select.cfm,https://web.byui.edu/endofcourseevaluation/,2018-12-08T07:00:00.000Z,2018-12-22T06:59:00.000Z,
B 320 - R--- - Online Reference,106952,http://abish.byui.edu/berg/evaluation/select.cfm,https://web.byui.edu/endofcourseevaluation/,2018-12-08T07:00:00.000Z,2018-12-22T06:59:00.000Z,
B 321 - R--- - Online Reference,16202,http://abish.byui.edu/berg/evaluation/select.cfm,https://web.byui.edu/endofcourseevaluation/,2018-12-08T07:00:00.000Z,2018-12-22T06:59:00.000Z,
B 341 - R--- - Online Reference,16192,http://abish.byui.edu/berg/evaluation/select.cfm,https://web.byui.edu/endofcourseevaluation/,2018-12-08T07:00:00.000Z,2018-12-22T06:59:00.000Z,
B 361 - R--- - Online Reference,16204,http://abish.byui.edu/berg/evaluation/select.cfm,https://web.byui.edu/endofcourseevaluation/,2018-12-08T07:00:00.000Z,2018-12-22T06:59:00.000Z,
B 374 - R--- - Online Reference,100941,http://abish.byui.edu/berg/evaluation/select.cfm,https://web.byui.edu/endofcourseevaluation/,2018-12-08T07:00:00.000Z,2018-12-22T06:59:00.000Z,
B 380 - R--- - Online Reference,16152,http://abish.byui.edu/berg/evaluation/select.cfm,https://web.byui.edu/endofcourseevaluation/,2018-12-08T07:00:00.000Z,2018-12-22T06:59:00.000Z,
B 383 - R--- - Online Reference,16205,http://abish.byui.edu/berg/evaluation/select.cfm,https://web.byui.edu/endofcourseevaluation/,2018-12-08T07:00:00.000Z,2018-12-22T06:59:00.000Z,
B 410 - R--- - Online Reference,23800,http://abish.byui.edu/berg/evaluation/select.cfm,https://web.byui.edu/endofcourseevaluation/,2018-12-08T07:00:00.000Z,2018-12-22T06:59:00.000Z,
B 411 - D--- - Online Development,17584,http://abish.byui.edu/berg/evaluation/select.cfm,https://web.byui.edu/endofcourseevaluation/,2018-12-08T07:00:00.000Z,2018-12-22T06:59:00.000Z,
B 424 - R--- - Online Reference,16154,http://abish.byui.edu/berg/evaluation/select.cfm,https://web.byui.edu/endofcourseevaluation/,2018-12-08T07:00:00.000Z,2018-12-22T06:59:00.000Z,
B 424D - R--- - Online Reference,16211,http://abish.byui.edu/berg/evaluation/select.cfm,https://web.byui.edu/endofcourseevaluation/,2018-12-08T07:00:00.000Z,2018-12-22T06:59:00.000Z,
B 428 - R--- - Online Reference,23801,http://abish.byui.edu/berg/evaluation/select.cfm,https://web.byui.edu/endofcourseevaluation/,2018-12-08T07:00:00.000Z,2018-12-22T06:59:00.000Z,
B 433 - R--- - Online Reference,17593,http://abish.byui.edu/berg/evaluation/select.cfm,https://web.byui.edu/endofcourseevaluation/,2018-12-08T07:00:00.000Z,2018-12-22T06:59:00.000Z,
B 475 - R--- - Online Reference,53091,http://abish.byui.edu/berg/evaluation/select.cfm,https://web.byui.edu/endofcourseevaluation/,2018-12-08T07:00:00.000Z,2018-12-22T06:59:00.000Z,
B 483 - R--- - Online Reference,68914,http://abish.byui.edu/berg/evaluation/select.cfm,https://web.byui.edu/endofcourseevaluation/,2018-12-08T07:00:00.000Z,2018-12-22T06:59:00.000Z,
B 499E - D--- - Online Development,117483,http://abish.byui.edu/berg/evaluation/select.cfm,https://web.byui.edu/endofcourseevaluation/,2018-12-08T07:00:00.000Z,2018-12-22T06:59:00.000Z,
BIO 180 - P--- - Online Pilot,280986,http://abish.byui.edu/berg/evaluation/select.cfm,https://web.byui.edu/endofcourseevaluation/,2018-12-08T07:00:00.000Z,2018-12-22T06:59:00.000Z,
BIO 221 - R--- - Online Reference,67128,http://abish.byui.edu/berg/evaluation/select.cfm,https://web.byui.edu/endofcourseevaluation/,2018-12-08T07:00:00.000Z,2018-12-22T06:59:00.000Z,
BIO 230 - R--- - Online Reference,17594,http://abish.byui.edu/berg/evaluation/select.cfm,https://web.byui.edu/endofcourseevaluation/,2018-12-08T07:00:00.000Z,2018-12-22T06:59:00.000Z,
BIO 264 - R--- - Online Reference,118405,http://abish.byui.edu/berg/evaluation/select.cfm,https://web.byui.edu/endofcourseevaluation/,2018-12-08T07:00:00.000Z,2018-12-22T06:59:00.000Z,
BIO 265 - R--- - Online Reference,118406,http://abish.byui.edu/berg/evaluation/select.cfm,https://web.byui.edu/endofcourseevaluation/,2018-12-08T07:00:00.000Z,2018-12-22T06:59:00.000Z,
BIO 265 - P--- - Online Pilot,340011,http://abish.byui.edu/berg/evaluation/select.cfm,https://web.byui.edu/endofcourseevaluation/,2018-12-08T07:00:00.000Z,2018-12-22T06:59:00.000Z,
BIO 475 - R--- - Online Reference,106292,http://abish.byui.edu/berg/evaluation/select.cfm,https://web.byui.edu/endofcourseevaluation/,2018-12-08T07:00:00.000Z,2018-12-22T06:59:00.000Z,
CHEM 101L - R--- - Online Reference,17595,http://abish.byui.edu/berg/evaluation/select.cfm,https://web.byui.edu/endofcourseevaluation/,2018-12-08T07:00:00.000Z,2018-12-22T06:59:00.000Z,
CHEM 105 - D--- - Online Development,276690,http://abish.byui.edu/berg/evaluation/select.cfm,https://web.byui.edu/endofcourseevaluation/,2018-12-08T07:00:00.000Z,2018-12-22T06:59:00.000Z,
CHILD 210 - R--- - Online Reference,16212,http://abish.byui.edu/berg/evaluation/select.cfm,https://web.byui.edu/endofcourseevaluation/,2018-12-08T07:00:00.000Z,2018-12-22T06:59:00.000Z,
CHILD 300 - R--- - Online Reference,288150,http://abish.byui.edu/berg/evaluation/select.cfm,https://web.byui.edu/endofcourseevaluation/,2018-12-08T07:00:00.000Z,2018-12-22T06:59:00.000Z,
CHILD 310 - R--- - Online Reference,263055,http://abish.byui.edu/berg/evaluation/select.cfm,https://web.byui.edu/endofcourseevaluation/,2018-12-08T07:00:00.000Z,2018-12-22T06:59:00.000Z,
CHILD 320 - R--- - Online Reference,16199,http://abish.byui.edu/berg/evaluation/select.cfm,https://web.byui.edu/endofcourseevaluation/,2018-12-08T07:00:00.000Z,2018-12-22T06:59:00.000Z,
CIT 111 - R--- - Online Reference,61381,http://abish.byui.edu/berg/evaluation/select.cfm,https://web.byui.edu/endofcourseevaluation/,2018-12-08T07:00:00.000Z,2018-12-22T06:59:00.000Z,
CIT 160 - R--- - Online Reference,171066,http://abish.byui.edu/berg/evaluation/select.cfm,https://web.byui.edu/endofcourseevaluation/,2018-12-08T07:00:00.000Z,2018-12-22T06:59:00.000Z,
CIT 225 - R--- - Online Reference,63194,http://abish.byui.edu/berg/evaluation/select.cfm,https://web.byui.edu/endofcourseevaluation/,2018-12-08T07:00:00.000Z,2018-12-22T06:59:00.000Z,
CIT 230 - R--- - Online Reference,32206,http://abish.byui.edu/berg/evaluation/select.cfm,https://web.byui.edu/endofcourseevaluation/,2018-12-08T07:00:00.000Z,2018-12-22T06:59:00.000Z,
CIT 240 - R--- - Online Reference,61928,http://abish.byui.edu/berg/evaluation/select.cfm,https://web.byui.edu/endofcourseevaluation/,2018-12-08T07:00:00.000Z,2018-12-22T06:59:00.000Z,
CIT 241 - R--- - Online Reference,67134,http://abish.byui.edu/berg/evaluation/select.cfm,https://web.byui.edu/endofcourseevaluation/,2018-12-08T07:00:00.000Z,2018-12-22T06:59:00.000Z,
CIT 261 - R--- - Online Reference,111890,http://abish.byui.edu/berg/evaluation/select.cfm,https://web.byui.edu/endofcourseevaluation/,2018-12-08T07:00:00.000Z,2018-12-22T06:59:00.000Z,
CIT 262 - P--- - Online Pilot,106277,http://abish.byui.edu/berg/evaluation/select.cfm,https://web.byui.edu/endofcourseevaluation/,2018-12-08T07:00:00.000Z,2018-12-22T06:59:00.000Z,
CIT 301C - D--- - 1 Online Development,17757,http://abish.byui.edu/berg/evaluation/select.cfm,https://web.byui.edu/endofcourseevaluation/,2018-12-08T07:00:00.000Z,2018-12-22T06:59:00.000Z,
CIT 325 - R--- - Online Reference,106278,http://abish.byui.edu/berg/evaluation/select.cfm,https://web.byui.edu/endofcourseevaluation/,2018-12-08T07:00:00.000Z,2018-12-22T06:59:00.000Z,
CIT 352 - R--- - Online Reference,106279,http://abish.byui.edu/berg/evaluation/select.cfm,https://web.byui.edu/endofcourseevaluation/,2018-12-08T07:00:00.000Z,2018-12-22T06:59:00.000Z,
CIT 353 - D--- - Online Development,336530,http://abish.byui.edu/berg/evaluation/select.cfm,https://web.byui.edu/endofcourseevaluation/,2018-12-08T07:00:00.000Z,2018-12-22T06:59:00.000Z,
CIT 360 - R--- - Online Reference,112004,http://abish.byui.edu/berg/evaluation/select.cfm,https://web.byui.edu/endofcourseevaluation/,2018-12-08T07:00:00.000Z,2018-12-22T06:59:00.000Z,
CIT 365 - R--- - Online Reference,289959,http://abish.byui.edu/berg/evaluation/select.cfm,https://web.byui.edu/endofcourseevaluation/,2018-12-08T07:00:00.000Z,2018-12-22T06:59:00.000Z,
CIT 380 - R--- - Online Reference,111793,http://abish.byui.edu/berg/evaluation/select.cfm,https://web.byui.edu/endofcourseevaluation/,2018-12-08T07:00:00.000Z,2018-12-22T06:59:00.000Z,
COMM 104 - D--- - Online Development,56772,http://abish.byui.edu/berg/evaluation/select.cfm,https://web.byui.edu/endofcourseevaluation/,2018-12-08T07:00:00.000Z,2018-12-22T06:59:00.000Z,
COMM 111 - R--- - Online Reference,17602,http://abish.byui.edu/berg/evaluation/select.cfm,https://web.byui.edu/endofcourseevaluation/,2018-12-08T07:00:00.000Z,2018-12-22T06:59:00.000Z,
COMM 125 - R--- - Online Reference,61065,http://abish.byui.edu/berg/evaluation/select.cfm,https://web.byui.edu/endofcourseevaluation/,2018-12-08T07:00:00.000Z,2018-12-22T06:59:00.000Z,
COMM 130 - R--- - Online Reference,225324,http://abish.byui.edu/berg/evaluation/select.cfm,https://web.byui.edu/endofcourseevaluation/,2018-12-08T07:00:00.000Z,2018-12-22T06:59:00.000Z,
COMM 140 - R--- - Online Reference,99481,http://abish.byui.edu/berg/evaluation/select.cfm,https://web.byui.edu/endofcourseevaluation/,2018-12-08T07:00:00.000Z,2018-12-22T06:59:00.000Z,
COMM 150 - R--- - Online Reference,106281,http://abish.byui.edu/berg/evaluation/select.cfm,https://web.byui.edu/endofcourseevaluation/,2018-12-08T07:00:00.000Z,2018-12-22T06:59:00.000Z,
COMM 175 - R--- - Online Reference,59656,http://abish.byui.edu/berg/evaluation/select.cfm,https://web.byui.edu/endofcourseevaluation/,2018-12-08T07:00:00.000Z,2018-12-22T06:59:00.000Z,
COMM 250 - R--- - Online Reference,106282,http://abish.byui.edu/berg/evaluation/select.cfm,https://web.byui.edu/endofcourseevaluation/,2018-12-08T07:00:00.000Z,2018-12-22T06:59:00.000Z,
COMM 273 - R--- - Online Reference,58372,http://abish.byui.edu/berg/evaluation/select.cfm,https://web.byui.edu/endofcourseevaluation/,2018-12-08T07:00:00.000Z,2018-12-22T06:59:00.000Z,
COMM 280 - R--- - Online Reference,52555,http://abish.byui.edu/berg/evaluation/select.cfm,https://web.byui.edu/endofcourseevaluation/,2018-12-08T07:00:00.000Z,2018-12-22T06:59:00.000Z,
COMM 300 - D--- - Online Development,30428,http://abish.byui.edu/berg/evaluation/select.cfm,https://web.byui.edu/endofcourseevaluation/,2018-12-08T07:00:00.000Z,2018-12-22T06:59:00.000Z,
COMM 305 - D--- - Online Development,31331,http://abish.byui.edu/berg/evaluation/select.cfm,https://web.byui.edu/endofcourseevaluation/,2018-12-08T07:00:00.000Z,2018-12-22T06:59:00.000Z,
COMM 307 - R--- - Online Reference,67140,http://abish.byui.edu/berg/evaluation/select.cfm,https://web.byui.edu/endofcourseevaluation/,2018-12-08T07:00:00.000Z,2018-12-22T06:59:00.000Z,
COMM 310 - R--- - Online Reference,67126,http://abish.byui.edu/berg/evaluation/select.cfm,https://web.byui.edu/endofcourseevaluation/,2018-12-08T07:00:00.000Z,2018-12-22T06:59:00.000Z,
COMM 315 - R--- - Online Reference,17603,http://abish.byui.edu/berg/evaluation/select.cfm,https://web.byui.edu/endofcourseevaluation/,2018-12-08T07:00:00.000Z,2018-12-22T06:59:00.000Z,
COMM 322 - D--- - Online Development,17604,http://abish.byui.edu/berg/evaluation/select.cfm,https://web.byui.edu/endofcourseevaluation/,2018-12-08T07:00:00.000Z,2018-12-22T06:59:00.000Z,
COMM 350 - R--- - Online Reference,338169,http://abish.byui.edu/berg/evaluation/select.cfm,https://web.byui.edu/endofcourseevaluation/,2018-12-08T07:00:00.000Z,2018-12-22T06:59:00.000Z,
COMM 352 - R--- - Online Reference,99489,http://abish.byui.edu/berg/evaluation/select.cfm,https://web.byui.edu/endofcourseevaluation/,2018-12-08T07:00:00.000Z,2018-12-22T06:59:00.000Z,
COMM 470 - R--- - Online Reference,110408,http://abish.byui.edu/berg/evaluation/select.cfm,https://web.byui.edu/endofcourseevaluation/,2018-12-08T07:00:00.000Z,2018-12-22T06:59:00.000Z,
CONST 320 - R--- - Online Reference,62951,http://abish.byui.edu/berg/evaluation/select.cfm,https://web.byui.edu/endofcourseevaluation/,2018-12-08T07:00:00.000Z,2018-12-22T06:59:00.000Z,
CONST 330 - D--- - Online Development,341223,http://abish.byui.edu/berg/evaluation/select.cfm,https://web.byui.edu/endofcourseevaluation/,2018-12-08T07:00:00.000Z,2018-12-22T06:59:00.000Z,
CONST 380 - R--- - Online Reference,55063,http://abish.byui.edu/berg/evaluation/select.cfm,https://web.byui.edu/endofcourseevaluation/,2018-12-08T07:00:00.000Z,2018-12-22T06:59:00.000Z,
CS 101 - R--- - Online Reference,232099,http://abish.byui.edu/berg/evaluation/select.cfm,https://web.byui.edu/endofcourseevaluation/,2018-12-08T07:00:00.000Z,2018-12-22T06:59:00.000Z,
CS 124 - R--- - Online Reference,19191,http://abish.byui.edu/berg/evaluation/select.cfm,https://web.byui.edu/endofcourseevaluation/,2018-12-08T07:00:00.000Z,2018-12-22T06:59:00.000Z,
CS 165 - R--- - Online Reference,19192,http://abish.byui.edu/berg/evaluation/select.cfm,https://web.byui.edu/endofcourseevaluation/,2018-12-08T07:00:00.000Z,2018-12-22T06:59:00.000Z,
CS 235 - R--- - Online Reference,19198,http://abish.byui.edu/berg/evaluation/select.cfm,https://web.byui.edu/endofcourseevaluation/,2018-12-08T07:00:00.000Z,2018-12-22T06:59:00.000Z,
CS 241 - P--- - Online Pilot,334225,http://abish.byui.edu/berg/evaluation/select.cfm,https://web.byui.edu/endofcourseevaluation/,2018-12-08T07:00:00.000Z,2018-12-22T06:59:00.000Z,
CS 246 - R--- - Online Reference,19199,http://abish.byui.edu/berg/evaluation/select.cfm,https://web.byui.edu/endofcourseevaluation/,2018-12-08T07:00:00.000Z,2018-12-22T06:59:00.000Z,
CS 308 - R--- - Online Reference,106991,http://abish.byui.edu/berg/evaluation/select.cfm,https://web.byui.edu/endofcourseevaluation/,2018-12-08T07:00:00.000Z,2018-12-22T06:59:00.000Z,
CS 364 - R--- - Online Reference,112145,http://abish.byui.edu/berg/evaluation/select.cfm,https://web.byui.edu/endofcourseevaluation/,2018-12-08T07:00:00.000Z,2018-12-22T06:59:00.000Z,
CS 371 - R--- - Online Reference,19236,http://abish.byui.edu/berg/evaluation/select.cfm,https://web.byui.edu/endofcourseevaluation/,2018-12-08T07:00:00.000Z,2018-12-22T06:59:00.000Z,
CS 432 - R--- - Online Reference,17605,http://abish.byui.edu/berg/evaluation/select.cfm,https://web.byui.edu/endofcourseevaluation/,2018-12-08T07:00:00.000Z,2018-12-22T06:59:00.000Z,
CS 499 - R--- - Online Reference,339655,http://abish.byui.edu/berg/evaluation/select.cfm,https://web.byui.edu/endofcourseevaluation/,2018-12-08T07:00:00.000Z,2018-12-22T06:59:00.000Z,
CS 499A - P--- - Online Pilot,392653,http://abish.byui.edu/berg/evaluation/select.cfm,https://web.byui.edu/endofcourseevaluation/,2018-12-08T07:00:00.000Z,2018-12-22T06:59:00.000Z,
CS 499B - P--- - Online Pilot,392654,http://abish.byui.edu/berg/evaluation/select.cfm,https://web.byui.edu/endofcourseevaluation/,2018-12-08T07:00:00.000Z,2018-12-22T06:59:00.000Z,
ECEN 150 - R--- - Online Reference,19308,http://abish.byui.edu/berg/evaluation/select.cfm,https://web.byui.edu/endofcourseevaluation/,2018-12-08T07:00:00.000Z,2018-12-22T06:59:00.000Z,
ECON 150 - R--- - Online Reference,16214,http://abish.byui.edu/berg/evaluation/select.cfm,https://web.byui.edu/endofcourseevaluation/,2018-12-08T07:00:00.000Z,2018-12-22T06:59:00.000Z,
ECON 151 - R--- - Online Reference,105848,http://abish.byui.edu/berg/evaluation/select.cfm,https://web.byui.edu/endofcourseevaluation/,2018-12-08T07:00:00.000Z,2018-12-22T06:59:00.000Z,
ECON 151 - D--- - Online Cengage,340641,http://abish.byui.edu/berg/evaluation/select.cfm,https://web.byui.edu/endofcourseevaluation/,2018-12-08T07:00:00.000Z,2018-12-22T06:59:00.000Z,
ECON 278 - P--- - Online Pilot,17606,http://abish.byui.edu/berg/evaluation/select.cfm,https://web.byui.edu/endofcourseevaluation/,2018-12-08T07:00:00.000Z,2018-12-22T06:59:00.000Z,
ECON 365 - R--- - Online Reference,100811,http://abish.byui.edu/berg/evaluation/select.cfm,https://web.byui.edu/endofcourseevaluation/,2018-12-08T07:00:00.000Z,2018-12-22T06:59:00.000Z,
ECSE 425 - R--- - Online Reference,17607,http://abish.byui.edu/berg/evaluation/select.cfm,https://web.byui.edu/endofcourseevaluation/,2018-12-08T07:00:00.000Z,2018-12-22T06:59:00.000Z,
ED 202 - R--- - Online Reference,50278,http://abish.byui.edu/berg/evaluation/select.cfm,https://web.byui.edu/endofcourseevaluation/,2018-12-08T07:00:00.000Z,2018-12-22T06:59:00.000Z,
ED 243 - D--- - Online Development,232098,http://abish.byui.edu/berg/evaluation/select.cfm,https://web.byui.edu/endofcourseevaluation/,2018-12-08T07:00:00.000Z,2018-12-22T06:59:00.000Z,
ED 312 - R--- - Online Reference,61910,http://abish.byui.edu/berg/evaluation/select.cfm,https://web.byui.edu/endofcourseevaluation/,2018-12-08T07:00:00.000Z,2018-12-22T06:59:00.000Z,
ED 344 - D--- - Online Development,282612,http://abish.byui.edu/berg/evaluation/select.cfm,https://web.byui.edu/endofcourseevaluation/,2018-12-08T07:00:00.000Z,2018-12-22T06:59:00.000Z,
EIL 171 - D--- - Online Development,55227,http://abish.byui.edu/berg/evaluation/select.cfm,https://web.byui.edu/endofcourseevaluation/,2018-12-08T07:00:00.000Z,2018-12-22T06:59:00.000Z,
EIL 174R - D--- - Online Development,55268,http://abish.byui.edu/berg/evaluation/select.cfm,https://web.byui.edu/endofcourseevaluation/,2018-12-08T07:00:00.000Z,2018-12-22T06:59:00.000Z,
EIL 173R - D--- - Online Development,23871,http://abish.byui.edu/berg/evaluation/select.cfm,https://web.byui.edu/endofcourseevaluation/,2018-12-08T07:00:00.000Z,2018-12-22T06:59:00.000Z,
ENG 106 - R--- - Online Reference,19310,http://abish.byui.edu/berg/evaluation/select.cfm,https://web.byui.edu/endofcourseevaluation/,2018-12-08T07:00:00.000Z,2018-12-22T06:59:00.000Z,
ENG 251 - R--- - Online Reference,106303,http://abish.byui.edu/berg/evaluation/select.cfm,https://web.byui.edu/endofcourseevaluation/,2018-12-08T07:00:00.000Z,2018-12-22T06:59:00.000Z,
ENG 252 - R--- - Online Reference,287196,http://abish.byui.edu/berg/evaluation/select.cfm,https://web.byui.edu/endofcourseevaluation/,2018-12-08T07:00:00.000Z,2018-12-22T06:59:00.000Z,
ENG 332 - R--- - Online Reference,106989,http://abish.byui.edu/berg/evaluation/select.cfm,https://web.byui.edu/endofcourseevaluation/,2018-12-08T07:00:00.000Z,2018-12-22T06:59:00.000Z,
ENG 335 - R--- - Online Reference,106300,http://abish.byui.edu/berg/evaluation/select.cfm,https://web.byui.edu/endofcourseevaluation/,2018-12-08T07:00:00.000Z,2018-12-22T06:59:00.000Z,
ENG 355 - R--- - Online Reference,106301,http://abish.byui.edu/berg/evaluation/select.cfm,https://web.byui.edu/endofcourseevaluation/,2018-12-08T07:00:00.000Z,2018-12-22T06:59:00.000Z,
ENG 450 - R--- - Online Reference,60004,http://abish.byui.edu/berg/evaluation/select.cfm,https://web.byui.edu/endofcourseevaluation/,2018-12-08T07:00:00.000Z,2018-12-22T06:59:00.000Z,
FAML 100 - R--- - Online Reference,16213,http://abish.byui.edu/berg/evaluation/select.cfm,https://web.byui.edu/endofcourseevaluation/,2018-12-08T07:00:00.000Z,2018-12-22T06:59:00.000Z,
FAML 160 - R--- - Online Reference,16218,http://abish.byui.edu/berg/evaluation/select.cfm,https://web.byui.edu/endofcourseevaluation/,2018-12-08T07:00:00.000Z,2018-12-22T06:59:00.000Z,
FAML 220 - R--- - Online Reference,182472,http://abish.byui.edu/berg/evaluation/select.cfm,https://web.byui.edu/endofcourseevaluation/,2018-12-08T07:00:00.000Z,2018-12-22T06:59:00.000Z,
FAML 300 - R--- - Online Reference,16200,http://abish.byui.edu/berg/evaluation/select.cfm,https://web.byui.edu/endofcourseevaluation/,2018-12-08T07:00:00.000Z,2018-12-22T06:59:00.000Z,
FAML 360 - R--- - Online Reference,16164,http://abish.byui.edu/berg/evaluation/select.cfm,https://web.byui.edu/endofcourseevaluation/,2018-12-08T07:00:00.000Z,2018-12-22T06:59:00.000Z,
FAML 400 - R--- - Online Reference,16180,http://abish.byui.edu/berg/evaluation/select.cfm,https://web.byui.edu/endofcourseevaluation/,2018-12-08T07:00:00.000Z,2018-12-22T06:59:00.000Z,
FAML 430 - R--- - Online Reference,16165,http://abish.byui.edu/berg/evaluation/select.cfm,https://web.byui.edu/endofcourseevaluation/,2018-12-08T07:00:00.000Z,2018-12-22T06:59:00.000Z,
FAML 460 - R--- - Online Reference,107960,http://abish.byui.edu/berg/evaluation/select.cfm,https://web.byui.edu/endofcourseevaluation/,2018-12-08T07:00:00.000Z,2018-12-22T06:59:00.000Z,
FAML 498R - R--- - Online Reference,16193,http://abish.byui.edu/berg/evaluation/select.cfm,https://web.byui.edu/endofcourseevaluation/,2018-12-08T07:00:00.000Z,2018-12-22T06:59:00.000Z,
FCS 101 - R--- - Online Reference,117813,http://abish.byui.edu/berg/evaluation/select.cfm,https://web.byui.edu/endofcourseevaluation/,2018-12-08T07:00:00.000Z,2018-12-22T06:59:00.000Z,
FCS 207 - R--- - Online Reference,97834,http://abish.byui.edu/berg/evaluation/select.cfm,https://web.byui.edu/endofcourseevaluation/,2018-12-08T07:00:00.000Z,2018-12-22T06:59:00.000Z,
FCS 245 - P--- - Online Pilot,223437,http://abish.byui.edu/berg/evaluation/select.cfm,https://web.byui.edu/endofcourseevaluation/,2018-12-08T07:00:00.000Z,2018-12-22T06:59:00.000Z,
FCS 340 - R--- - Online Reference,118474,http://abish.byui.edu/berg/evaluation/select.cfm,https://web.byui.edu/endofcourseevaluation/,2018-12-08T07:00:00.000Z,2018-12-22T06:59:00.000Z,
FDAMF 101 - R--- - Online Reference,19311,http://abish.byui.edu/berg/evaluation/select.cfm,https://web.byui.edu/endofcourseevaluation/,2018-12-08T07:00:00.000Z,2018-12-22T06:59:00.000Z,
FDENG 101 - R--- - Online Reference,28754,http://abish.byui.edu/berg/evaluation/select.cfm,https://web.byui.edu/endofcourseevaluation/,2018-12-08T07:00:00.000Z,2018-12-22T06:59:00.000Z,
FDENG 301 - R--- - Online Reference,59659,http://abish.byui.edu/berg/evaluation/select.cfm,https://web.byui.edu/endofcourseevaluation/,2018-12-08T07:00:00.000Z,2018-12-22T06:59:00.000Z,
FDHUM 110 - R--- - Online Reference,19492,http://abish.byui.edu/berg/evaluation/select.cfm,https://web.byui.edu/endofcourseevaluation/,2018-12-08T07:00:00.000Z,2018-12-22T06:59:00.000Z,
FDINT 211 - R--- - Online Reference,50276,http://abish.byui.edu/berg/evaluation/select.cfm,https://web.byui.edu/endofcourseevaluation/,2018-12-08T07:00:00.000Z,2018-12-22T06:59:00.000Z,
FDMAT 108 - R--- - Online Reference,170928,http://abish.byui.edu/berg/evaluation/select.cfm,https://web.byui.edu/endofcourseevaluation/,2018-12-08T07:00:00.000Z,2018-12-22T06:59:00.000Z,
FDREL 121 - R--- - Online Reference,28228,http://abish.byui.edu/berg/evaluation/select.cfm,https://web.byui.edu/endofcourseevaluation/,2018-12-08T07:00:00.000Z,2018-12-22T06:59:00.000Z,
FDREL 122 - R--- - Online Reference,57167,http://abish.byui.edu/berg/evaluation/select.cfm,https://web.byui.edu/endofcourseevaluation/,2018-12-08T07:00:00.000Z,2018-12-22T06:59:00.000Z,
FDREL 130 - D--- - Online Development,162915,http://abish.byui.edu/berg/evaluation/select.cfm,https://web.byui.edu/endofcourseevaluation/,2018-12-08T07:00:00.000Z,2018-12-22T06:59:00.000Z,
FDREL 200 - R--- - Online Reference,235151,http://abish.byui.edu/berg/evaluation/select.cfm,https://web.byui.edu/endofcourseevaluation/,2018-12-08T07:00:00.000Z,2018-12-22T06:59:00.000Z,
FDREL 211 - R--- - Online Reference,18550,http://abish.byui.edu/berg/evaluation/select.cfm,https://web.byui.edu/endofcourseevaluation/,2018-12-08T07:00:00.000Z,2018-12-22T06:59:00.000Z,
FDREL 212 - R--- - Online Reference,18563,http://abish.byui.edu/berg/evaluation/select.cfm,https://web.byui.edu/endofcourseevaluation/,2018-12-08T07:00:00.000Z,2018-12-22T06:59:00.000Z,
FDREL 225 - R--- - Online Reference,55104,http://abish.byui.edu/berg/evaluation/select.cfm,https://web.byui.edu/endofcourseevaluation/,2018-12-08T07:00:00.000Z,2018-12-22T06:59:00.000Z,
FDREL 250 - R--- - Online Reference,30469,http://abish.byui.edu/berg/evaluation/select.cfm,https://web.byui.edu/endofcourseevaluation/,2018-12-08T07:00:00.000Z,2018-12-22T06:59:00.000Z,
FDREL 261 - R--- - Online Reference,19493,http://abish.byui.edu/berg/evaluation/select.cfm,https://web.byui.edu/endofcourseevaluation/,2018-12-08T07:00:00.000Z,2018-12-22T06:59:00.000Z,
FDREL 275 - R--- - Online Reference,17609,http://abish.byui.edu/berg/evaluation/select.cfm,https://web.byui.edu/endofcourseevaluation/,2018-12-08T07:00:00.000Z,2018-12-22T06:59:00.000Z,
FDREL 301 - R--- - Online Reference,18564,http://abish.byui.edu/berg/evaluation/select.cfm,https://web.byui.edu/endofcourseevaluation/,2018-12-08T07:00:00.000Z,2018-12-22T06:59:00.000Z,
FDREL 302 - R--- - Online Reference,18565,http://abish.byui.edu/berg/evaluation/select.cfm,https://web.byui.edu/endofcourseevaluation/,2018-12-08T07:00:00.000Z,2018-12-22T06:59:00.000Z,
FDREL 324 - R--- - Online Reference,19497,http://abish.byui.edu/berg/evaluation/select.cfm,https://web.byui.edu/endofcourseevaluation/,2018-12-08T07:00:00.000Z,2018-12-22T06:59:00.000Z,
FDREL 325 - R--- - Online Reference,19503,http://abish.byui.edu/berg/evaluation/select.cfm,https://web.byui.edu/endofcourseevaluation/,2018-12-08T07:00:00.000Z,2018-12-22T06:59:00.000Z,
FDREL 333 - R--- - Online Reference,19509,http://abish.byui.edu/berg/evaluation/select.cfm,https://web.byui.edu/endofcourseevaluation/,2018-12-08T07:00:00.000Z,2018-12-22T06:59:00.000Z,
FDSCI 101 - R--- - Online Reference,50281,http://abish.byui.edu/berg/evaluation/select.cfm,https://web.byui.edu/endofcourseevaluation/,2018-12-08T07:00:00.000Z,2018-12-22T06:59:00.000Z,
FDSCI 201 - R--- - Online Reference,50289,http://abish.byui.edu/berg/evaluation/select.cfm,https://web.byui.edu/endofcourseevaluation/,2018-12-08T07:00:00.000Z,2018-12-22T06:59:00.000Z,
FDSCI 203 - R--- - Online Reference,61374,http://abish.byui.edu/berg/evaluation/select.cfm,https://web.byui.edu/endofcourseevaluation/,2018-12-08T07:00:00.000Z,2018-12-22T06:59:00.000Z,
FDWLD 101 - R--- - Online Reference,50274,http://abish.byui.edu/berg/evaluation/select.cfm,https://web.byui.edu/endofcourseevaluation/,2018-12-08T07:00:00.000Z,2018-12-22T06:59:00.000Z,
FDWLD 201 - R--- - Online Reference,50275,http://abish.byui.edu/berg/evaluation/select.cfm,https://web.byui.edu/endofcourseevaluation/,2018-12-08T07:00:00.000Z,2018-12-22T06:59:00.000Z,
FHGEN 111 - R--- - Online Reference,164701,http://abish.byui.edu/berg/evaluation/select.cfm,https://web.byui.edu/endofcourseevaluation/,2018-12-08T07:00:00.000Z,2018-12-22T06:59:00.000Z,
FHGEN 112 - R--- - Online Reference,164702,http://abish.byui.edu/berg/evaluation/select.cfm,https://web.byui.edu/endofcourseevaluation/,2018-12-08T07:00:00.000Z,2018-12-22T06:59:00.000Z,
FHGEN 120 - R--- - Online Reference,16179,http://abish.byui.edu/berg/evaluation/select.cfm,https://web.byui.edu/endofcourseevaluation/,2018-12-08T07:00:00.000Z,2018-12-22T06:59:00.000Z,
FHGEN 130 - R--- - Online Reference,16181,http://abish.byui.edu/berg/evaluation/select.cfm,https://web.byui.edu/endofcourseevaluation/,2018-12-08T07:00:00.000Z,2018-12-22T06:59:00.000Z,
FHGEN 140 - R--- - Online Reference,16207,http://abish.byui.edu/berg/evaluation/select.cfm,https://web.byui.edu/endofcourseevaluation/,2018-12-08T07:00:00.000Z,2018-12-22T06:59:00.000Z,
FHGEN 160 - R--- - Online Reference,16182,http://abish.byui.edu/berg/evaluation/select.cfm,https://web.byui.edu/endofcourseevaluation/,2018-12-08T07:00:00.000Z,2018-12-22T06:59:00.000Z,
FHGEN 211 - R--- - Online Reference,16183,http://abish.byui.edu/berg/evaluation/select.cfm,https://web.byui.edu/endofcourseevaluation/,2018-12-08T07:00:00.000Z,2018-12-22T06:59:00.000Z,
FHGEN 212 - R--- - Online Reference,16189,http://abish.byui.edu/berg/evaluation/select.cfm,https://web.byui.edu/endofcourseevaluation/,2018-12-08T07:00:00.000Z,2018-12-22T06:59:00.000Z,
FHGEN 251A - R--- - Online Reference,16190,http://abish.byui.edu/berg/evaluation/select.cfm,https://web.byui.edu/endofcourseevaluation/,2018-12-08T07:00:00.000Z,2018-12-22T06:59:00.000Z,
FHGEN 251B - R--- - Online Reference,16195,http://abish.byui.edu/berg/evaluation/select.cfm,https://web.byui.edu/endofcourseevaluation/,2018-12-08T07:00:00.000Z,2018-12-22T06:59:00.000Z,
FHGEN 251C - R--- - Online Reference,16196,http://abish.byui.edu/berg/evaluation/select.cfm,https://web.byui.edu/endofcourseevaluation/,2018-12-08T07:00:00.000Z,2018-12-22T06:59:00.000Z,
FHGEN 251D - R--- - Online Reference,16175,http://abish.byui.edu/berg/evaluation/select.cfm,https://web.byui.edu/endofcourseevaluation/,2018-12-08T07:00:00.000Z,2018-12-22T06:59:00.000Z,
FHGEN 252A - R--- - Online Reference,16194,http://abish.byui.edu/berg/evaluation/select.cfm,https://web.byui.edu/endofcourseevaluation/,2018-12-08T07:00:00.000Z,2018-12-22T06:59:00.000Z,
FHGEN 252B - R--- - Online Reference,16201,http://abish.byui.edu/berg/evaluation/select.cfm,https://web.byui.edu/endofcourseevaluation/,2018-12-08T07:00:00.000Z,2018-12-22T06:59:00.000Z,
FHGEN 252C - R--- - Online Reference,16160,http://abish.byui.edu/berg/evaluation/select.cfm,https://web.byui.edu/endofcourseevaluation/,2018-12-08T07:00:00.000Z,2018-12-22T06:59:00.000Z,
FHGEN 252D - R--- - Online Reference,111795,http://abish.byui.edu/berg/evaluation/select.cfm,https://web.byui.edu/endofcourseevaluation/,2018-12-08T07:00:00.000Z,2018-12-22T06:59:00.000Z,
FHGEN 270 - R--- - Online Reference,16161,http://abish.byui.edu/berg/evaluation/select.cfm,https://web.byui.edu/endofcourseevaluation/,2018-12-08T07:00:00.000Z,2018-12-22T06:59:00.000Z,
FHGEN 399 - R--- - Online Reference,16188,http://abish.byui.edu/berg/evaluation/select.cfm,https://web.byui.edu/endofcourseevaluation/,2018-12-08T07:00:00.000Z,2018-12-22T06:59:00.000Z,
GEOL 111 - R--- - Online Reference,16233,http://abish.byui.edu/berg/evaluation/select.cfm,https://web.byui.edu/endofcourseevaluation/,2018-12-08T07:00:00.000Z,2018-12-22T06:59:00.000Z,
GER 101 - R--- - Online Reference,68061,http://abish.byui.edu/berg/evaluation/select.cfm,https://web.byui.edu/endofcourseevaluation/,2018-12-08T07:00:00.000Z,2018-12-22T06:59:00.000Z,
GS 105 - R--- - Online Reference,19547,http://abish.byui.edu/berg/evaluation/select.cfm,https://web.byui.edu/endofcourseevaluation/,2018-12-08T07:00:00.000Z,2018-12-22T06:59:00.000Z,
GS 294 - R--- - Online Reference,81704,http://abish.byui.edu/berg/evaluation/select.cfm,https://web.byui.edu/endofcourseevaluation/,2018-12-08T07:00:00.000Z,2018-12-22T06:59:00.000Z,
HS 240 - R--- - Online Reference,50282,http://abish.byui.edu/berg/evaluation/select.cfm,https://web.byui.edu/endofcourseevaluation/,2018-12-08T07:00:00.000Z,2018-12-22T06:59:00.000Z,
HS 280 - R--- - Online Reference,59655,http://abish.byui.edu/berg/evaluation/select.cfm,https://web.byui.edu/endofcourseevaluation/,2018-12-08T07:00:00.000Z,2018-12-22T06:59:00.000Z,
HS 285 - R--- - Online Reference,61376,http://abish.byui.edu/berg/evaluation/select.cfm,https://web.byui.edu/endofcourseevaluation/,2018-12-08T07:00:00.000Z,2018-12-22T06:59:00.000Z,
HS 310 - R--- - Online Reference,50290,http://abish.byui.edu/berg/evaluation/select.cfm,https://web.byui.edu/endofcourseevaluation/,2018-12-08T07:00:00.000Z,2018-12-22T06:59:00.000Z,
HS 370 - R--- - Online Reference,171073,http://abish.byui.edu/berg/evaluation/select.cfm,https://web.byui.edu/endofcourseevaluation/,2018-12-08T07:00:00.000Z,2018-12-22T06:59:00.000Z,
HS 375 - R--- - Online Reference,106294,http://abish.byui.edu/berg/evaluation/select.cfm,https://web.byui.edu/endofcourseevaluation/,2018-12-08T07:00:00.000Z,2018-12-22T06:59:00.000Z,
HS 378 - R--- - Online Reference,106295,http://abish.byui.edu/berg/evaluation/select.cfm,https://web.byui.edu/endofcourseevaluation/,2018-12-08T07:00:00.000Z,2018-12-22T06:59:00.000Z,
HS 384 - R--- - Online Reference,17610,http://abish.byui.edu/berg/evaluation/select.cfm,https://web.byui.edu/endofcourseevaluation/,2018-12-08T07:00:00.000Z,2018-12-22T06:59:00.000Z,
HS 390 - R--- - Online Reference,50273,http://abish.byui.edu/berg/evaluation/select.cfm,https://web.byui.edu/endofcourseevaluation/,2018-12-08T07:00:00.000Z,2018-12-22T06:59:00.000Z,
HS 484 - R--- - Online Reference,118298,http://abish.byui.edu/berg/evaluation/select.cfm,https://web.byui.edu/endofcourseevaluation/,2018-12-08T07:00:00.000Z,2018-12-22T06:59:00.000Z,
HS 486 - R--- - Online Reference,237928,http://abish.byui.edu/berg/evaluation/select.cfm,https://web.byui.edu/endofcourseevaluation/,2018-12-08T07:00:00.000Z,2018-12-22T06:59:00.000Z,
HTM 130 - D--- - LDSBC Development,322092,http://abish.byui.edu/berg/evaluation/select.cfm,https://web.byui.edu/endofcourseevaluation/,2018-12-08T07:00:00.000Z,2018-12-22T06:59:00.000Z,
HTM 150 - D--- - LDSBC Development,322093,http://abish.byui.edu/berg/evaluation/select.cfm,https://web.byui.edu/endofcourseevaluation/,2018-12-08T07:00:00.000Z,2018-12-22T06:59:00.000Z,
HTM 220 - D--- - LDSBC Development,322094,http://abish.byui.edu/berg/evaluation/select.cfm,https://web.byui.edu/endofcourseevaluation/,2018-12-08T07:00:00.000Z,2018-12-22T06:59:00.000Z,
IDS 499 - P--- - Online Pilot,338371,http://abish.byui.edu/berg/evaluation/select.cfm,https://web.byui.edu/endofcourseevaluation/,2018-12-08T07:00:00.000Z,2018-12-22T06:59:00.000Z,
LANG 410 - R--- - Online Reference,19549,http://abish.byui.edu/berg/evaluation/select.cfm,https://web.byui.edu/endofcourseevaluation/,2018-12-08T07:00:00.000Z,2018-12-22T06:59:00.000Z,
MA 106 - R--- - Online Reference,61373,http://abish.byui.edu/berg/evaluation/select.cfm,https://web.byui.edu/endofcourseevaluation/,2018-12-08T07:00:00.000Z,2018-12-22T06:59:00.000Z,
MA 107 - R--- - Online Reference,99486,http://abish.byui.edu/berg/evaluation/select.cfm,https://web.byui.edu/endofcourseevaluation/,2018-12-08T07:00:00.000Z,2018-12-22T06:59:00.000Z,
MA 111 - R--- - Online Reference,106297,http://abish.byui.edu/berg/evaluation/select.cfm,https://web.byui.edu/endofcourseevaluation/,2018-12-08T07:00:00.000Z,2018-12-22T06:59:00.000Z,
MA 205 - R--- - Online Reference,106298,http://abish.byui.edu/berg/evaluation/select.cfm,https://web.byui.edu/endofcourseevaluation/,2018-12-08T07:00:00.000Z,2018-12-22T06:59:00.000Z,
MATH 100B - R--- - Online Reference,19564,http://abish.byui.edu/berg/evaluation/select.cfm,https://web.byui.edu/endofcourseevaluation/,2018-12-08T07:00:00.000Z,2018-12-22T06:59:00.000Z,
MATH 101 - R--- - Online Reference,170957,http://abish.byui.edu/berg/evaluation/select.cfm,https://web.byui.edu/endofcourseevaluation/,2018-12-08T07:00:00.000Z,2018-12-22T06:59:00.000Z,
MATH 109 - R--- - Online Reference,17611,http://abish.byui.edu/berg/evaluation/select.cfm,https://web.byui.edu/endofcourseevaluation/,2018-12-08T07:00:00.000Z,2018-12-22T06:59:00.000Z,
MATH 110X - P--- - Online Pilot,289960,http://abish.byui.edu/berg/evaluation/select.cfm,https://web.byui.edu/endofcourseevaluation/,2018-12-08T07:00:00.000Z,2018-12-22T06:59:00.000Z,
MATH 111 - R--- - Online Reference,171290,http://abish.byui.edu/berg/evaluation/select.cfm,https://web.byui.edu/endofcourseevaluation/,2018-12-08T07:00:00.000Z,2018-12-22T06:59:00.000Z,
MATH 215 - R--- - Online Reference,53768,http://abish.byui.edu/berg/evaluation/select.cfm,https://web.byui.edu/endofcourseevaluation/,2018-12-08T07:00:00.000Z,2018-12-22T06:59:00.000Z,
MATH 221A - R--- - Online Reference,62216,http://abish.byui.edu/berg/evaluation/select.cfm,https://web.byui.edu/endofcourseevaluation/,2018-12-08T07:00:00.000Z,2018-12-22T06:59:00.000Z,
MATH 221B - R--- - Online Reference,289357,http://abish.byui.edu/berg/evaluation/select.cfm,https://web.byui.edu/endofcourseevaluation/,2018-12-08T07:00:00.000Z,2018-12-22T06:59:00.000Z,
MATH 221C - R--- - Online Reference,289358,http://abish.byui.edu/berg/evaluation/select.cfm,https://web.byui.edu/endofcourseevaluation/,2018-12-08T07:00:00.000Z,2018-12-22T06:59:00.000Z,
MATH 316 - P--- - Online Pilot,237072,http://abish.byui.edu/berg/evaluation/select.cfm,https://web.byui.edu/endofcourseevaluation/,2018-12-08T07:00:00.000Z,2018-12-22T06:59:00.000Z,
ME 142 - D--- - Online Development,277036,http://abish.byui.edu/berg/evaluation/select.cfm,https://web.byui.edu/endofcourseevaluation/,2018-12-08T07:00:00.000Z,2018-12-22T06:59:00.000Z,
ME 162 - D--- - Online Development,340270,http://abish.byui.edu/berg/evaluation/select.cfm,https://web.byui.edu/endofcourseevaluation/,2018-12-08T07:00:00.000Z,2018-12-22T06:59:00.000Z,
ME 172 - R--- - Online Reference,67619,http://abish.byui.edu/berg/evaluation/select.cfm,https://web.byui.edu/endofcourseevaluation/,2018-12-08T07:00:00.000Z,2018-12-22T06:59:00.000Z,
ME 201 - R--- - Online Reference,339843,http://abish.byui.edu/berg/evaluation/select.cfm,https://web.byui.edu/endofcourseevaluation/,2018-12-08T07:00:00.000Z,2018-12-22T06:59:00.000Z,
ME 202 - R--- - Online Reference,117924,http://abish.byui.edu/berg/evaluation/select.cfm,https://web.byui.edu/endofcourseevaluation/,2018-12-08T07:00:00.000Z,2018-12-22T06:59:00.000Z,
ME 204 - D--- - Online Development,109669,http://abish.byui.edu/berg/evaluation/select.cfm,https://web.byui.edu/endofcourseevaluation/,2018-12-08T07:00:00.000Z,2018-12-22T06:59:00.000Z,
ME 210 - R--- - Online Reference,19574,http://abish.byui.edu/berg/evaluation/select.cfm,https://web.byui.edu/endofcourseevaluation/,2018-12-08T07:00:00.000Z,2018-12-22T06:59:00.000Z,
ME 231 - R--- - Online Reference,17617,http://abish.byui.edu/berg/evaluation/select.cfm,https://web.byui.edu/endofcourseevaluation/,2018-12-08T07:00:00.000Z,2018-12-22T06:59:00.000Z,
ME 250 - D--- - Online Development,166125,http://abish.byui.edu/berg/evaluation/select.cfm,https://web.byui.edu/endofcourseevaluation/,2018-12-08T07:00:00.000Z,2018-12-22T06:59:00.000Z,
ME 272 - R--- - Online Reference,289447,http://abish.byui.edu/berg/evaluation/select.cfm,https://web.byui.edu/endofcourseevaluation/,2018-12-08T07:00:00.000Z,2018-12-22T06:59:00.000Z,
NURS 340 - R--- - Online Reference,18575,http://abish.byui.edu/berg/evaluation/select.cfm,https://web.byui.edu/endofcourseevaluation/,2018-12-08T07:00:00.000Z,2018-12-22T06:59:00.000Z,
NUTR 150 - R--- - Online Reference,61375,http://abish.byui.edu/berg/evaluation/select.cfm,https://web.byui.edu/endofcourseevaluation/,2018-12-08T07:00:00.000Z,2018-12-22T06:59:00.000Z,
NUTR 200 - R--- - Online Reference,17618,http://abish.byui.edu/berg/evaluation/select.cfm,https://web.byui.edu/endofcourseevaluation/,2018-12-08T07:00:00.000Z,2018-12-22T06:59:00.000Z,
PH 121 - R--- - Online Reference,111796,http://abish.byui.edu/berg/evaluation/select.cfm,https://web.byui.edu/endofcourseevaluation/,2018-12-08T07:00:00.000Z,2018-12-22T06:59:00.000Z,
PH 223 - R--- - Online Reference,49459,http://abish.byui.edu/berg/evaluation/select.cfm,https://web.byui.edu/endofcourseevaluation/,2018-12-08T07:00:00.000Z,2018-12-22T06:59:00.000Z,
POLSC 110 - R--- - Online Reference,57714,http://abish.byui.edu/berg/evaluation/select.cfm,https://web.byui.edu/endofcourseevaluation/,2018-12-08T07:00:00.000Z,2018-12-22T06:59:00.000Z,
POLSC 150 - R--- - Online Reference,67138,http://abish.byui.edu/berg/evaluation/select.cfm,https://web.byui.edu/endofcourseevaluation/,2018-12-08T07:00:00.000Z,2018-12-22T06:59:00.000Z,
PSYCH 111 - R--- - Online Reference,61908,http://abish.byui.edu/berg/evaluation/select.cfm,https://web.byui.edu/endofcourseevaluation/,2018-12-08T07:00:00.000Z,2018-12-22T06:59:00.000Z,
PSYCH 201 - R--- - Online Reference,63419,http://abish.byui.edu/berg/evaluation/select.cfm,https://web.byui.edu/endofcourseevaluation/,2018-12-08T07:00:00.000Z,2018-12-22T06:59:00.000Z,
PSYCH 302 - R--- - Online Reference,67132,http://abish.byui.edu/berg/evaluation/select.cfm,https://web.byui.edu/endofcourseevaluation/,2018-12-08T07:00:00.000Z,2018-12-22T06:59:00.000Z,
PSYCH 311 - R--- - Online Reference,67133,http://abish.byui.edu/berg/evaluation/select.cfm,https://web.byui.edu/endofcourseevaluation/,2018-12-08T07:00:00.000Z,2018-12-22T06:59:00.000Z,
PSYCH 311 - D--- - Online Development,338314,http://abish.byui.edu/berg/evaluation/select.cfm,https://web.byui.edu/endofcourseevaluation/,2018-12-08T07:00:00.000Z,2018-12-22T06:59:00.000Z,
PSYCH 342 - P--- - Online Pilot,289149,http://abish.byui.edu/berg/evaluation/select.cfm,https://web.byui.edu/endofcourseevaluation/,2018-12-08T07:00:00.000Z,2018-12-22T06:59:00.000Z,
PSYCH 350 - P--- - Online Pilot,289206,http://abish.byui.edu/berg/evaluation/select.cfm,https://web.byui.edu/endofcourseevaluation/,2018-12-08T07:00:00.000Z,2018-12-22T06:59:00.000Z,
PSYCH 376 - R--- - Online Reference,232618,http://abish.byui.edu/berg/evaluation/select.cfm,https://web.byui.edu/endofcourseevaluation/,2018-12-08T07:00:00.000Z,2018-12-22T06:59:00.000Z,
RM 304 - R--- - Online Reference,67139,http://abish.byui.edu/berg/evaluation/select.cfm,https://web.byui.edu/endofcourseevaluation/,2018-12-08T07:00:00.000Z,2018-12-22T06:59:00.000Z,
RM 370 - R--- - Online Reference,106285,http://abish.byui.edu/berg/evaluation/select.cfm,https://web.byui.edu/endofcourseevaluation/,2018-12-08T07:00:00.000Z,2018-12-22T06:59:00.000Z,
RM 371 - R--- - Online Reference,106286,http://abish.byui.edu/berg/evaluation/select.cfm,https://web.byui.edu/endofcourseevaluation/,2018-12-08T07:00:00.000Z,2018-12-22T06:59:00.000Z,
RM 373R - R--- - Online Reference,106293,http://abish.byui.edu/berg/evaluation/select.cfm,https://web.byui.edu/endofcourseevaluation/,2018-12-08T07:00:00.000Z,2018-12-22T06:59:00.000Z,
RM 471 - R--- - Online Reference,99530,http://abish.byui.edu/berg/evaluation/select.cfm,https://web.byui.edu/endofcourseevaluation/,2018-12-08T07:00:00.000Z,2018-12-22T06:59:00.000Z,
RM 473 - R--- - Online Reference,111787,http://abish.byui.edu/berg/evaluation/select.cfm,https://web.byui.edu/endofcourseevaluation/,2018-12-08T07:00:00.000Z,2018-12-22T06:59:00.000Z,
SOC 111 - R--- - Online Reference,61929,http://abish.byui.edu/berg/evaluation/select.cfm,https://web.byui.edu/endofcourseevaluation/,2018-12-08T07:00:00.000Z,2018-12-22T06:59:00.000Z,
SOC 112 - R--- - Online Reference,106290,http://abish.byui.edu/berg/evaluation/select.cfm,https://web.byui.edu/endofcourseevaluation/,2018-12-08T07:00:00.000Z,2018-12-22T06:59:00.000Z,
SOC 311 - R--- - Online Reference,62159,http://abish.byui.edu/berg/evaluation/select.cfm,https://web.byui.edu/endofcourseevaluation/,2018-12-08T07:00:00.000Z,2018-12-22T06:59:00.000Z,
SOC 383 - P--- - Online Pilot,339361,http://abish.byui.edu/berg/evaluation/select.cfm,https://web.byui.edu/endofcourseevaluation/,2018-12-08T07:00:00.000Z,2018-12-22T06:59:00.000Z,
SPAN 101 - R--- - Online Reference,19704,http://abish.byui.edu/berg/evaluation/select.cfm,https://web.byui.edu/endofcourseevaluation/,2018-12-08T07:00:00.000Z,2018-12-22T06:59:00.000Z,
SPAN 102 - R--- - Online Reference,19722,http://abish.byui.edu/berg/evaluation/select.cfm,https://web.byui.edu/endofcourseevaluation/,2018-12-08T07:00:00.000Z,2018-12-22T06:59:00.000Z,
SPAN 302 - R--- - Online Reference,19721,http://abish.byui.edu/berg/evaluation/select.cfm,https://web.byui.edu/endofcourseevaluation/,2018-12-08T07:00:00.000Z,2018-12-22T06:59:00.000Z,
SPED 200 - R--- - Online Reference,17619,http://abish.byui.edu/berg/evaluation/select.cfm,https://web.byui.edu/endofcourseevaluation/,2018-12-08T07:00:00.000Z,2018-12-22T06:59:00.000Z,
SPED 310 - R--- - Online Reference,61382,http://abish.byui.edu/berg/evaluation/select.cfm,https://web.byui.edu/endofcourseevaluation/,2018-12-08T07:00:00.000Z,2018-12-22T06:59:00.000Z,
SPED 360 - R--- - Online Reference,229421,http://abish.byui.edu/berg/evaluation/select.cfm,https://web.byui.edu/endofcourseevaluation/,2018-12-08T07:00:00.000Z,2018-12-22T06:59:00.000Z,
SPED 424 - D--- - Online Development,289750,http://abish.byui.edu/berg/evaluation/select.cfm,https://web.byui.edu/endofcourseevaluation/,2018-12-08T07:00:00.000Z,2018-12-22T06:59:00.000Z,
SPED 441 - R--- - Online Reference,111789,http://abish.byui.edu/berg/evaluation/select.cfm,https://web.byui.edu/endofcourseevaluation/,2018-12-08T07:00:00.000Z,2018-12-22T06:59:00.000Z,
SW 260 - R--- - Online Reference,17620,http://abish.byui.edu/berg/evaluation/select.cfm,https://web.byui.edu/endofcourseevaluation/,2018-12-08T07:00:00.000Z,2018-12-22T06:59:00.000Z,
SW 463 - R--- - Online Reference,277409,http://abish.byui.edu/berg/evaluation/select.cfm,https://web.byui.edu/endofcourseevaluation/,2018-12-08T07:00:00.000Z,2018-12-22T06:59:00.000Z,
TA 115 - R--- - Online Reference,111786,http://abish.byui.edu/berg/evaluation/select.cfm,https://web.byui.edu/endofcourseevaluation/,2018-12-08T07:00:00.000Z,2018-12-22T06:59:00.000Z,
TA 116 - R--- - Online Reference,109641,http://abish.byui.edu/berg/evaluation/select.cfm,https://web.byui.edu/endofcourseevaluation/,2018-12-08T07:00:00.000Z,2018-12-22T06:59:00.000Z,
TA 402 - R--- - Online Reference,105615,http://abish.byui.edu/berg/evaluation/select.cfm,https://web.byui.edu/endofcourseevaluation/,2018-12-08T07:00:00.000Z,2018-12-22T06:59:00.000Z,
TESOL 102 - R--- - Online Reference,117847,http://abish.byui.edu/berg/evaluation/select.cfm,https://web.byui.edu/endofcourseevaluation/,2018-12-08T07:00:00.000Z,2018-12-22T06:59:00.000Z,
TESOL 103 - R--- - Online Reference,117854,http://abish.byui.edu/berg/evaluation/select.cfm,https://web.byui.edu/endofcourseevaluation/,2018-12-08T07:00:00.000Z,2018-12-22T06:59:00.000Z,
CS 470 - R--- - Online Reference,19237,http://web.byui.edu/Services/Login/?RedirectURL=http://abish.byui.edu/berg/evaluation/select.cfm,https://web.byui.edu/endofcourseevaluation/,2018-12-08T07:00:00.000Z,2018-12-22T06:59:00.000Z,
NURS 338 - R--- - Online Reference,33274,http://web.byui.edu/Services/Login/?RedirectURL=http://abish.byui.edu/berg/evaluation/select.cfm,https://web.byui.edu/endofcourseevaluation/,2018-12-08T07:00:00.000Z,2018-12-22T06:59:00.000Z,
ESS 375 - R--- - Online Reference,111794,https://secure.byui.edu/cas/login?service=http://abish.byui.edu/berg/evaluation/select.cfm,https://web.byui.edu/endofcourseevaluation/,2018-12-08T07:00:00.000Z,2018-12-22T06:59:00.000Z,
FAML 200 - R--- - Online Reference,40664,https://secure.byui.edu/cas/login?service=http://abish.byui.edu/berg/evaluation/select.cfm,https://web.byui.edu/endofcourseevaluation/,2018-12-08T07:00:00.000Z,2018-12-22T06:59:00.000Z,
FDSCI 205 - R--- - Online Reference,61911,https://secure.byui.edu/cas/login?service=http://abish.byui.edu/berg/evaluation/select.cfm,https://web.byui.edu/endofcourseevaluation/,2018-12-08T07:00:00.000Z,2018-12-22T06:59:00.000Z,
WDD 100 - R--- - Online Reference,61378,https://secure.byui.edu/cas/login?service=http://abish.byui.edu/berg/evaluation/select.cfm,https://web.byui.edu/endofcourseevaluation/,2018-12-08T07:00:00.000Z,2018-12-22T06:59:00.000Z,
ACCTG 205 - R--- - Online Reference,18784,https://web.byui.edu/Services/Login/?RedirectURL=http://abish.byui.edu/berg/evaluation/select.cfm,https://web.byui.edu/endofcourseevaluation/,2018-12-08T07:00:00.000Z,2018-12-22T06:59:00.000Z,
AGBUS 180B - R--- - Online Reference,106289,https://web.byui.edu/Services/Login/?RedirectURL=http://abish.byui.edu/berg/evaluation/select.cfm,https://web.byui.edu/endofcourseevaluation/,2018-12-08T07:00:00.000Z,2018-12-22T06:59:00.000Z,
ART 160 - R--- - Online Reference,18812,https://web.byui.edu/Services/Login/?RedirectURL=http://abish.byui.edu/berg/evaluation/select.cfm,https://web.byui.edu/endofcourseevaluation/,2018-12-08T07:00:00.000Z,2018-12-22T06:59:00.000Z,
ART 337R - R--- - Online Reference,18818,https://web.byui.edu/Services/Login/?RedirectURL=http://abish.byui.edu/berg/evaluation/select.cfm,https://web.byui.edu/endofcourseevaluation/,2018-12-08T07:00:00.000Z,2018-12-22T06:59:00.000Z,
B 120 - R--- - Online Reference,68324,https://web.byui.edu/Services/Login/?RedirectURL=http://abish.byui.edu/berg/evaluation/select.cfm,https://web.byui.edu/endofcourseevaluation/,2018-12-08T07:00:00.000Z,2018-12-22T06:59:00.000Z,
B 401 - R--- - Online Reference,16191,https://web.byui.edu/Services/Login/?RedirectURL=http://abish.byui.edu/berg/evaluation/select.cfm,https://web.byui.edu/endofcourseevaluation/,2018-12-08T07:00:00.000Z,2018-12-22T06:59:00.000Z,
BIO 375 - R--- - Online Reference,99484,https://web.byui.edu/Services/Login/?RedirectURL=http://abish.byui.edu/berg/evaluation/select.cfm,https://web.byui.edu/endofcourseevaluation/,2018-12-08T07:00:00.000Z,2018-12-22T06:59:00.000Z,
BIO 381 - R--- - Online Reference,106291,https://web.byui.edu/Services/Login/?RedirectURL=http://abish.byui.edu/berg/evaluation/select.cfm,https://web.byui.edu/endofcourseevaluation/,2018-12-08T07:00:00.000Z,2018-12-22T06:59:00.000Z,
CIT 110 - R--- - Online Reference,61380,https://web.byui.edu/Services/Login/?RedirectURL=http://abish.byui.edu/berg/evaluation/select.cfm,https://web.byui.edu/endofcourseevaluation/,2018-12-08T07:00:00.000Z,2018-12-22T06:59:00.000Z,
CIT 270 - R--- - Online Reference,117812,https://web.byui.edu/Services/Login/?RedirectURL=http://abish.byui.edu/berg/evaluation/select.cfm,https://web.byui.edu/endofcourseevaluation/,2018-12-08T07:00:00.000Z,2018-12-22T06:59:00.000Z,
CIT 336 - R--- - Online Reference,285213,https://web.byui.edu/Services/Login/?RedirectURL=http://abish.byui.edu/berg/evaluation/select.cfm,https://web.byui.edu/endofcourseevaluation/,2018-12-08T07:00:00.000Z,2018-12-22T06:59:00.000Z,
CIT 353 - R--- - Online Reference,111785,https://web.byui.edu/Services/Login/?RedirectURL=http://abish.byui.edu/berg/evaluation/select.cfm,https://web.byui.edu/endofcourseevaluation/,2018-12-08T07:00:00.000Z,2018-12-22T06:59:00.000Z,
CIT 381 - R--- - Online Reference,106280,https://web.byui.edu/Services/Login/?RedirectURL=http://abish.byui.edu/berg/evaluation/select.cfm,https://web.byui.edu/endofcourseevaluation/,2018-12-08T07:00:00.000Z,2018-12-22T06:59:00.000Z,
COMM 102 - R--- - Online Reference,64185,https://web.byui.edu/Services/Login/?RedirectURL=http://abish.byui.edu/berg/evaluation/select.cfm,https://web.byui.edu/endofcourseevaluation/,2018-12-08T07:00:00.000Z,2018-12-22T06:59:00.000Z,
COMM 289 - R--- - Online Reference,106283,https://web.byui.edu/Services/Login/?RedirectURL=http://abish.byui.edu/berg/evaluation/select.cfm,https://web.byui.edu/endofcourseevaluation/,2018-12-08T07:00:00.000Z,2018-12-22T06:59:00.000Z,
COMM 450 - R--- - Online Reference,106284,https://web.byui.edu/Services/Login/?RedirectURL=http://abish.byui.edu/berg/evaluation/select.cfm,https://web.byui.edu/endofcourseevaluation/,2018-12-08T07:00:00.000Z,2018-12-22T06:59:00.000Z,
CS 313 - R--- - Online Reference,19217,https://web.byui.edu/Services/Login/?RedirectURL=http://abish.byui.edu/berg/evaluation/select.cfm,https://web.byui.edu/endofcourseevaluation/,2018-12-08T07:00:00.000Z,2018-12-22T06:59:00.000Z,
CS 345 - R--- - Online Reference,232617,https://web.byui.edu/Services/Login/?RedirectURL=http://abish.byui.edu/berg/evaluation/select.cfm,https://web.byui.edu/endofcourseevaluation/,2018-12-08T07:00:00.000Z,2018-12-22T06:59:00.000Z,
ECEN 160 - R--- - Online Reference,32043,https://web.byui.edu/Services/Login/?RedirectURL=http://abish.byui.edu/berg/evaluation/select.cfm,https://web.byui.edu/endofcourseevaluation/,2018-12-08T07:00:00.000Z,2018-12-22T06:59:00.000Z,
ED 200 - R--- - Online Reference,50279,https://web.byui.edu/Services/Login/?RedirectURL=http://abish.byui.edu/berg/evaluation/select.cfm,https://web.byui.edu/endofcourseevaluation/,2018-12-08T07:00:00.000Z,2018-12-22T06:59:00.000Z,
ENG 107 - P--- - Online Pilot,18727,https://web.byui.edu/Services/Login/?RedirectURL=http://abish.byui.edu/berg/evaluation/select.cfm,https://web.byui.edu/endofcourseevaluation/,2018-12-08T07:00:00.000Z,2018-12-22T06:59:00.000Z,
ENG 314 - R--- - Online Reference,109633,https://web.byui.edu/Services/Login/?RedirectURL=http://abish.byui.edu/berg/evaluation/select.cfm,https://web.byui.edu/endofcourseevaluation/,2018-12-08T07:00:00.000Z,2018-12-22T06:59:00.000Z,
ENG 325 - R--- - Online Reference,99487,https://web.byui.edu/Services/Login/?RedirectURL=http://abish.byui.edu/berg/evaluation/select.cfm,https://web.byui.edu/endofcourseevaluation/,2018-12-08T07:00:00.000Z,2018-12-22T06:59:00.000Z,
FDMAT 112 - R--- - Online Reference (restored),290105,https://web.byui.edu/Services/Login/?RedirectURL=http://abish.byui.edu/berg/evaluation/select.cfm,https://web.byui.edu/endofcourseevaluation/,2018-12-08T07:00:00.000Z,2018-12-22T06:59:00.000Z,
FDMAT 112 - R--- - Online Reference,290419,https://web.byui.edu/Services/Login/?RedirectURL=http://abish.byui.edu/berg/evaluation/select.cfm,https://web.byui.edu/endofcourseevaluation/,2018-12-08T07:00:00.000Z,2018-12-22T06:59:00.000Z,
FDREL 100 - R--- - Online Reference,99485,https://web.byui.edu/Services/Login/?RedirectURL=http://abish.byui.edu/berg/evaluation/select.cfm,https://web.byui.edu/endofcourseevaluation/,2018-12-08T07:00:00.000Z,2018-12-22T06:59:00.000Z,
FDREL 130 - R--- - LDSBC-Online-DButterfield,55329,https://web.byui.edu/Services/Login/?RedirectURL=http://abish.byui.edu/berg/evaluation/select.cfm,https://web.byui.edu/endofcourseevaluation/,2018-12-08T07:00:00.000Z,2018-12-22T06:59:00.000Z,
HRHP 131 - R--- - Online Reference,59658,https://web.byui.edu/Services/Login/?RedirectURL=http://abish.byui.edu/berg/evaluation/select.cfm,https://web.byui.edu/endofcourseevaluation/,2018-12-08T07:00:00.000Z,2018-12-22T06:59:00.000Z,
HS 320 - R--- - Online Reference,63196,https://web.byui.edu/Services/Login/?RedirectURL=http://abish.byui.edu/berg/evaluation/select.cfm,https://web.byui.edu/endofcourseevaluation/,2018-12-08T07:00:00.000Z,2018-12-22T06:59:00.000Z,
HS 345 - R--- - Online Reference,67136,https://web.byui.edu/Services/Login/?RedirectURL=http://abish.byui.edu/berg/evaluation/select.cfm,https://web.byui.edu/endofcourseevaluation/,2018-12-08T07:00:00.000Z,2018-12-22T06:59:00.000Z,
HS 391 - R--- - Online Reference,61920,https://web.byui.edu/Services/Login/?RedirectURL=http://abish.byui.edu/berg/evaluation/select.cfm,https://web.byui.edu/endofcourseevaluation/,2018-12-08T07:00:00.000Z,2018-12-22T06:59:00.000Z,
HS 401 - R--- - Online Reference,67129,https://web.byui.edu/Services/Login/?RedirectURL=http://abish.byui.edu/berg/evaluation/select.cfm,https://web.byui.edu/endofcourseevaluation/,2018-12-08T07:00:00.000Z,2018-12-22T06:59:00.000Z,
HS 420 - R--- - Online Reference,106296,https://web.byui.edu/Services/Login/?RedirectURL=http://abish.byui.edu/berg/evaluation/select.cfm,https://web.byui.edu/endofcourseevaluation/,2018-12-08T07:00:00.000Z,2018-12-22T06:59:00.000Z,
HS 460 - R--- - Online Reference,67127,https://web.byui.edu/Services/Login/?RedirectURL=http://abish.byui.edu/berg/evaluation/select.cfm,https://web.byui.edu/endofcourseevaluation/,2018-12-08T07:00:00.000Z,2018-12-22T06:59:00.000Z,
HS 465 - R--- - Online Reference,67131,https://web.byui.edu/Services/Login/?RedirectURL=http://abish.byui.edu/berg/evaluation/select.cfm,https://web.byui.edu/endofcourseevaluation/,2018-12-08T07:00:00.000Z,2018-12-22T06:59:00.000Z,
HS 480 - R--- - Online Reference,111790,https://web.byui.edu/Services/Login/?RedirectURL=http://abish.byui.edu/berg/evaluation/select.cfm,https://web.byui.edu/endofcourseevaluation/,2018-12-08T07:00:00.000Z,2018-12-22T06:59:00.000Z,
MA 105 - R--- - Online Reference,105706,https://web.byui.edu/Services/Login/?RedirectURL=http://abish.byui.edu/berg/evaluation/select.cfm,https://web.byui.edu/endofcourseevaluation/,2018-12-08T07:00:00.000Z,2018-12-22T06:59:00.000Z,
NURS 316 - R--- - Online Reference,19575,https://web.byui.edu/Services/Login/?RedirectURL=http://abish.byui.edu/berg/evaluation/select.cfm,https://web.byui.edu/endofcourseevaluation/,2018-12-08T07:00:00.000Z,2018-12-22T06:59:00.000Z,
NURS 400 - R--- - Online Reference,69258,https://web.byui.edu/Services/Login/?RedirectURL=http://abish.byui.edu/berg/evaluation/select.cfm,https://web.byui.edu/endofcourseevaluation/,2018-12-08T07:00:00.000Z,2018-12-22T06:59:00.000Z,
NURS 449 - R--- - Online Reference,32027,https://web.byui.edu/Services/Login/?RedirectURL=http://abish.byui.edu/berg/evaluation/select.cfm,https://web.byui.edu/endofcourseevaluation/,2018-12-08T07:00:00.000Z,2018-12-22T06:59:00.000Z,
NURS 450 - R--- - Online Reference,19690,https://web.byui.edu/Services/Login/?RedirectURL=http://abish.byui.edu/berg/evaluation/select.cfm,https://web.byui.edu/endofcourseevaluation/,2018-12-08T07:00:00.000Z,2018-12-22T06:59:00.000Z,
PH 105 - R--- - Online Reference,111791,https://web.byui.edu/Services/Login/?RedirectURL=http://abish.byui.edu/berg/evaluation/select.cfm,https://web.byui.edu/endofcourseevaluation/,2018-12-08T07:00:00.000Z,2018-12-22T06:59:00.000Z,
POLSC 170 - R--- - Online Reference,99482,https://web.byui.edu/Services/Login/?RedirectURL=http://abish.byui.edu/berg/evaluation/select.cfm,https://web.byui.edu/endofcourseevaluation/,2018-12-08T07:00:00.000Z,2018-12-22T06:59:00.000Z,
RM 307 - R--- - Online Reference,99488,https://web.byui.edu/Services/Login/?RedirectURL=http://abish.byui.edu/berg/evaluation/select.cfm,https://web.byui.edu/endofcourseevaluation/,2018-12-08T07:00:00.000Z,2018-12-22T06:59:00.000Z,
RM 472 - R--- - Online Reference,106287,https://web.byui.edu/Services/Login/?RedirectURL=http://abish.byui.edu/berg/evaluation/select.cfm,https://web.byui.edu/endofcourseevaluation/,2018-12-08T07:00:00.000Z,2018-12-22T06:59:00.000Z,
SOC 323 - R--- - Online Reference,111788,https://web.byui.edu/Services/Login/?RedirectURL=http://abish.byui.edu/berg/evaluation/select.cfm,https://web.byui.edu/endofcourseevaluation/,2018-12-08T07:00:00.000Z,2018-12-22T06:59:00.000Z,
TA 401 - R--- - Online Reference,111797,https://web.byui.edu/Services/Login/?RedirectURL=http://abish.byui.edu/berg/evaluation/select.cfm,https://web.byui.edu/endofcourseevaluation/,2018-12-08T07:00:00.000Z,2018-12-22T06:59:00.000Z,
TESOL 101 - R--- - Online Reference,117840,https://web.byui.edu/Services/Login/?RedirectURL=http://abish.byui.edu/berg/evaluation/select.cfm,https://web.byui.edu/endofcourseevaluation/,2018-12-08T07:00:00.000Z,2018-12-22T06:59:00.000Z,
TESOL 104 - R--- - Online Reference,117831,https://web.byui.edu/Services/Login/?RedirectURL=http://abish.byui.edu/berg/evaluation/select.cfm,https://web.byui.edu/endofcourseevaluation/,2018-12-08T07:00:00.000Z,2018-12-22T06:59:00.000Z,
TESOL 105 - R--- - Online Reference,117895,https://web.byui.edu/Services/Login/?RedirectURL=http://abish.byui.edu/berg/evaluation/select.cfm,https://web.byui.edu/endofcourseevaluation/,2018-12-08T07:00:00.000Z,2018-12-22T06:59:00.000Z,
B 351 - D--- - Online Development,17583,,,,,
B 370 - R--- - Online Reference,16198,,,,,
BIO 264L - R--- - Online Reference,58371,,,,,
BIO 265L - R--- - Online Reference,58369,,,,,
I-Learn 3.0 Example Course,16085,,,,,
CHEM 101 - R--- - Online Reference,69035,,,,,
CIT 260 - R--- - Online Reference,63195,,,,,
COMM 462 - D--- - Online Development,24644,,,,,
CS 213 - R--- - Online Reference,18505,,,,,
CS 416 - R--- - Online Reference,18506,,,,,
EIL 170 - D--- - Development,23870,,,,,
FAML 445 - R--- - Online Reference,16187,,,,,
GS 101 - R--- - Online Reference,19510,,,,,
HS 425 - R--- - Online Reference,67130,,,,,
HS 472 - P--- - Online Pilot,31320,,,,,
SMMBC 105 - R--- - LDSBC Online Reference,371784,,,,,
SMMBC 120 - R--- - LDSBC Online Reference,371785,,,,,
SMMBC 130 - R--- - LDSBC Online Reference,371790,,,,,
SMMBC 140 - R--- - LDSBC Online Reference,371791,,,,,
SMMBC 150 - R--- - LDSBC Online Reference,371792,,,,,
SMMBC 160 - R--- - LDSBC Online Reference,371804,,,,,
SMMBC 296 - R--- - LDSBC Online Reference,371805,,,,,
